,metric,value
0,median_cell_cov,63.6860401955459
1,median_site_cov,41.42788461538461
2,log10_specific_vs_aspecific_signal,7.623249290397901
0,n_cells,832.0
1,n_vars,44.0
2,median_n_vars_per_cell,8.0
3,mean_n_vars_per_cell,7.977163461538462
4,std_n_vars_per_cell,1.6671912216162164
5,mean_n_cells_per_var,150.8409090909091
6,median_n_cells_per_var,24.0
7,std_n_cells_per_var,249.23418552746168
8,density,0.18129916958041958
9,genomes_redundancy,0.6586538461538461
10,median_genome_prevalence,0.001201923076923077
11,mut_class_A>C,16.0
12,mut_class_T>G,15.0
13,mut_class_T>C,5.0
14,mut_class_A>G,3.0
15,mut_class_A>T,2.0
16,mut_class_C>G,1.0
17,mut_class_C>T,1.0
18,mut_class_C>A,1.0
19,transitions_vs_transversions_ratio,0.2571428571428571
20,perc_lineage_biased_muts,0.29545454545454547
