,metric,value,job_id,sample
0,median_cell_cov,56.48506246605106,job_1,sAML1
1,median_site_cov,35.0041782729805,job_1,sAML1
2,log10_specific_vs_aspecific_signal,7.531478917042255,job_1,sAML1
0,n_cells,2872.0,job_1,sAML1
1,n_vars,7470.0,job_1,sAML1
2,median_n_vars_per_cell,43.0,job_1,sAML1
3,mean_n_vars_per_cell,42.840529247910865,job_1,sAML1
4,std_n_vars_per_cell,10.368539072859395,job_1,sAML1
5,mean_n_cells_per_var,16.47095046854083,job_1,sAML1
6,median_n_cells_per_var,5.0,job_1,sAML1
7,std_n_cells_per_var,68.13248688580114,job_1,sAML1
8,density,0.005735010608823409,job_1,sAML1
9,genomes_redundancy,0.07172701949860727,job_1,sAML1
10,median_genome_prevalence,0.00034818941504178273,job_1,sAML1
11,mut_class_A>G,1679.0,job_1,sAML1
12,mut_class_T>C,1394.0,job_1,sAML1
13,mut_class_C>T,1070.0,job_1,sAML1
14,mut_class_G>A,807.0,job_1,sAML1
15,mut_class_A>C,623.0,job_1,sAML1
16,mut_class_A>T,502.0,job_1,sAML1
17,mut_class_T>G,476.0,job_1,sAML1
18,mut_class_C>A,301.0,job_1,sAML1
19,mut_class_T>A,232.0,job_1,sAML1
20,mut_class_C>G,195.0,job_1,sAML1
21,mut_class_G>C,102.0,job_1,sAML1
22,mut_class_G>T,88.0,job_1,sAML1
23,mut_class_N>T,1.0,job_1,sAML1
24,median_n_shared_muts,4.462382445141066,job_1,sAML1
25,median_connectedness,2843.0,job_1,sAML1
26,frac_supported_nodes,0.7910135841170324,job_1,sAML1
