index,GBC,sample
ACCATTTGTCGCATTA_MDA_clones,CTCCTCCGCGGCGAAACG,MDA_clones
AATCGACAGCTGTACT_MDA_clones,CGCCGAACAGCTTCAGTG,MDA_clones
CTGCATCAGAATTTGG_MDA_clones,CTCCTCCGCGGCGAAACG,MDA_clones
ATCAGGTAGTAATACG_MDA_clones,CGCCGAACAGCTTCAGTG,MDA_clones
CTGCCATAGGCAGGTT_MDA_clones,CTCCTCCGCGGCGAAACG,MDA_clones
GGTAGAGCACACAGCC_MDA_clones,TCCCTGGAGTCTTCGAAC,MDA_clones
GTCGAATGTTATTCCT_MDA_clones,CGCCGAACAGCTTCAGTG,MDA_clones
GTGCACGTCCATCTGC_MDA_clones,CTCCTCCGCGGCGAAACG,MDA_clones
TTTGGAGGTAGGCTCC_MDA_clones,CTCCTCCGCGGCGAAACG,MDA_clones
TTTCCTCGTGCAATGG_MDA_clones,CTCCTCCGCGGCGAAACG,MDA_clones
CTTCTCTTCGCCGAGT_MDA_clones,TTACCCTGTGCGACCCAG,MDA_clones
TTCTTCCAGGGTTAAT_MDA_clones,TCCCTGGAGTCTTCGAAC,MDA_clones
CTGGACGGTAGAGGAA_MDA_clones,TCCCTGGAGTCTTCGAAC,MDA_clones
AAGCCATAGGCGCTTC_MDA_clones,CTCCTCCGCGGCGAAACG,MDA_clones
TCCATCGAGAATAACC_MDA_clones,CTCCTCCGCGGCGAAACG,MDA_clones
TGATGCATCCTACGGG_MDA_clones,CTCCTCCGCGGCGAAACG,MDA_clones
GTGAGCCCAAGCTCTA_MDA_clones,CTGCGGCAGGAGTGACGG,MDA_clones
GGTTGTATCTTACCAT_MDA_clones,CTCCTCCGCGGCGAAACG,MDA_clones
AAGACTCCATGGAATA_MDA_clones,TCCCTGGAGTCTTCGAAC,MDA_clones
CTTCTAAGTAGGAGTC_MDA_clones,TTACCCTGTGCGACCCAG,MDA_clones
ACACTGAAGAGTACCG_MDA_clones,CTCCTCCGCGGCGAAACG,MDA_clones
GAACGTTGTCCAGAAG_MDA_clones,TAGAGCACCAAAACTGCA,MDA_clones
AAGTGAAAGAAATCCA_MDA_clones,TCCCTGGAGTCTTCGAAC,MDA_clones
CTGCAGGCATGGTGGA_MDA_clones,TTACCCTGTGCGACCCAG,MDA_clones
CTCCATGCAAATCGGG_MDA_clones,CTCCTCCGCGGCGAAACG,MDA_clones
CCTCAGTAGTTGTAGA_MDA_clones,CTCCTCCGCGGCGAAACG,MDA_clones
GGTTAACCATTGACAC_MDA_clones,CTCCTCCGCGGCGAAACG,MDA_clones
AACCACAAGGATTCCT_MDA_clones,TCCCTGGAGTCTTCGAAC,MDA_clones
ATCGTGATCCATTCGC_MDA_clones,TCCCTGGAGTCTTCGAAC,MDA_clones
CAACCTCTCACAATGC_MDA_clones,CTGCGGCAGGAGTGACGG,MDA_clones
ACGGGTCAGGCTTAAA_MDA_clones,CTCCTCCGCGGCGAAACG,MDA_clones
ACGGTTATCGACGACC_MDA_clones,CTCCTCCGCGGCGAAACG,MDA_clones
CGCATAAAGTTGCTCA_MDA_clones,CTCCTCCGCGGCGAAACG,MDA_clones
CCATCACGTATGGAAT_MDA_clones,CCCGCTGCGGCTGCTCCG,MDA_clones
TTTAGTCTCCATCTAT_MDA_clones,CTCCTCCGCGGCGAAACG,MDA_clones
TTCCTTCGTATGAAGT_MDA_clones,CTGCGGCAGGAGTGACGG,MDA_clones
GCTGAATCAAGCGAGT_MDA_clones,CTCCTCCGCGGCGAAACG,MDA_clones
TATCCTAAGCGATTCT_MDA_clones,TTACCCTGTGCGACCCAG,MDA_clones
CAACAACTCGGTAAGG_MDA_clones,CTGCGGCAGGAGTGACGG,MDA_clones
CACGGGTCAAAGACTA_MDA_clones,CTCCTCCGCGGCGAAACG,MDA_clones
ATAGACCCAAGACAAT_MDA_clones,CTGCGGCAGGAGTGACGG,MDA_clones
ACCGTTCAGAGAGGTA_MDA_clones,CCGCAATAAATGCGACTT,MDA_clones
TGGATGTTCAGGTAAA_MDA_clones,CTCCTCCGCGGCGAAACG,MDA_clones
TGGGTTATCGCAGTCG_MDA_clones,TCCCTGGAGTCTTCGAAC,MDA_clones
AGACACTCAGAAATCA_MDA_clones,CTCCTCCGCGGCGAAACG,MDA_clones
GGTTAACTCAAAGGTA_MDA_clones,CTCCTCCGCGGCGAAACG,MDA_clones
GCCAGTGTCCATCTAT_MDA_clones,TCCCTGGAGTCTTCGAAC,MDA_clones
TTTACGTGTGAGGCAT_MDA_clones,CTCCTCCGCGGCGAAACG,MDA_clones
ATCACTTTCGAAGCAG_MDA_clones,TTACCCTGTGCGACCCAG,MDA_clones
GTATTGGAGGCTCTCG_MDA_clones,TCCCTGGAGTCTTCGAAC,MDA_clones
AATGAAGTCGTGCAGC_MDA_clones,CGCCGAACAGCTTCAGTG,MDA_clones
AGTCTCCGTCCCTCAT_MDA_clones,TCCCTGGAGTCTTCGAAC,MDA_clones
CGTGATAAGATTGCGG_MDA_clones,CTCCTCCGCGGCGAAACG,MDA_clones
AGTACCACATTGTGCA_MDA_clones,TTACCCTGTGCGACCCAG,MDA_clones
ATCCATTGTCAATCTG_MDA_clones,TCCCTGGAGTCTTCGAAC,MDA_clones
GTAATGCGTTGACTGT_MDA_clones,TAGAGCACCAAAACTGCA,MDA_clones
AACCAACTCAAGCTTG_MDA_clones,CTCCTCCGCGGCGAAACG,MDA_clones
GCTACAAGTCACCGCA_MDA_clones,TAGAGCACCAAAACTGCA,MDA_clones
TGCTCCACACTTGACA_MDA_clones,CTCCTCCGCGGCGAAACG,MDA_clones
GTACAGTGTTGTGTTG_MDA_clones,CTCCTCCGCGGCGAAACG,MDA_clones
CTATAGGGTCCTTAAG_MDA_clones,CTCCTCCGCGGCGAAACG,MDA_clones
GTAATCGGTTCGTTCC_MDA_clones,CTCCTCCGCGGCGAAACG,MDA_clones
GATGAGGCAACTGCCG_MDA_clones,TCCCTGGAGTCTTCGAAC,MDA_clones
AATGCCATCTTACACT_MDA_clones,CCCGCTGCGGCTGCTCCG,MDA_clones
CACGAATGTAGACTGG_MDA_clones,TCCCTGGAGTCTTCGAAC,MDA_clones
GATGGAGGTTTACCAG_MDA_clones,TTACCCTGTGCGACCCAG,MDA_clones
ATCCATTTCGGCATAT_MDA_clones,CGCCGAACAGCTTCAGTG,MDA_clones
CCTGTTGTCCTATTGT_MDA_clones,CCGCAATAAATGCGACTT,MDA_clones
CCTTGTGGTGCCCAGT_MDA_clones,TAGAGCACCAAAACTGCA,MDA_clones
AGATCCATCGCTGCGA_MDA_clones,CGCCGAACAGCTTCAGTG,MDA_clones
ATCACAGAGACGCATG_MDA_clones,TCCCTGGAGTCTTCGAAC,MDA_clones
GTGTGGCTCGAATCCA_MDA_clones,CTGCGGCAGGAGTGACGG,MDA_clones
TAATCTCAGGGTAATT_MDA_clones,TTACCCTGTGCGACCCAG,MDA_clones
AGAGAGCCAATTTCGG_MDA_clones,CCGCAATAAATGCGACTT,MDA_clones
CATTCATGTCTTCTAT_MDA_clones,CGCCGAACAGCTTCAGTG,MDA_clones
CATGGTAGTAGACAAT_MDA_clones,TCCCTGGAGTCTTCGAAC,MDA_clones
GATTCGACAGGGAGAG_MDA_clones,CTCCTCCGCGGCGAAACG,MDA_clones
TAGTGCACACTCAAGT_MDA_clones,TAGAGCACCAAAACTGCA,MDA_clones
CTGTGGGTCCGGTTCT_MDA_clones,CGCCGAACAGCTTCAGTG,MDA_clones
CTGAGCGCACACTTAG_MDA_clones,TAGAGCACCAAAACTGCA,MDA_clones
CGGAGAAGTGCCTATA_MDA_clones,CTGCGGCAGGAGTGACGG,MDA_clones
CCTTCAGAGTTGGGAC_MDA_clones,CTGCGGCAGGAGTGACGG,MDA_clones
AGGACGAGTGATCATC_MDA_clones,CGCCGAACAGCTTCAGTG,MDA_clones
TCATTGTAGTATCCTG_MDA_clones,CTCCTCCGCGGCGAAACG,MDA_clones
TGACGCGAGAGGATGA_MDA_clones,TCCCTGGAGTCTTCGAAC,MDA_clones
TGAGACTGTAGCGCCT_MDA_clones,TTACCCTGTGCGACCCAG,MDA_clones
ATCCGTCAGGATCATA_MDA_clones,TCCCTGGAGTCTTCGAAC,MDA_clones
CCCATTGGTCCGTACG_MDA_clones,CTCCTCCGCGGCGAAACG,MDA_clones
CGTTAGAAGACAACTA_MDA_clones,CCGCAATAAATGCGACTT,MDA_clones
GCTGCAGGTTCGGTTA_MDA_clones,CTCCTCCGCGGCGAAACG,MDA_clones
AGTGTTGCATGGACAG_MDA_clones,TCCCTGGAGTCTTCGAAC,MDA_clones
CATGCAATCTCGGTCT_MDA_clones,TTACCCTGTGCGACCCAG,MDA_clones
CTTCGGTTCCGTTGAA_MDA_clones,TCCCTGGAGTCTTCGAAC,MDA_clones
GATAGAACAGCTGTTA_MDA_clones,TTACCCTGTGCGACCCAG,MDA_clones
TTACCATCACAGTGTT_MDA_clones,CTGCGGCAGGAGTGACGG,MDA_clones
CGCATGGCACGCAGTC_MDA_clones,TAGAGCACCAAAACTGCA,MDA_clones
TCACACCGTAGGTTTC_MDA_clones,TTACCCTGTGCGACCCAG,MDA_clones
ACGTCCTAGACCTGGA_MDA_clones,CTCCTCCGCGGCGAAACG,MDA_clones
GAAGGGTGTACGTAGG_MDA_clones,CTCCTCCGCGGCGAAACG,MDA_clones
TCATCCGTCTTAGGAC_MDA_clones,CTCCTCCGCGGCGAAACG,MDA_clones
CCTGCATTCCACACCT_MDA_clones,CCGCAATAAATGCGACTT,MDA_clones
AATCGTGCAGTGAGCA_MDA_clones,CTCCTCCGCGGCGAAACG,MDA_clones
CTGTCGTCAAACGAGC_MDA_clones,TTACCCTGTGCGACCCAG,MDA_clones
GTTTACTAGCTACAAA_MDA_clones,TCCCTGGAGTCTTCGAAC,MDA_clones
AGAGAGCAGAGAGGTA_MDA_clones,CTCCTCCGCGGCGAAACG,MDA_clones
CTCAGGGAGAGAGAAC_MDA_clones,CTCCTCCGCGGCGAAACG,MDA_clones
ATCGGATGTCACCACG_MDA_clones,CTCCTCCGCGGCGAAACG,MDA_clones
GCAACATCACAACGTT_MDA_clones,TAGAGCACCAAAACTGCA,MDA_clones
CTTGATTTCTCTCTAA_MDA_clones,TTACCCTGTGCGACCCAG,MDA_clones
TAGATCGGTGTGGACA_MDA_clones,CTCCTCCGCGGCGAAACG,MDA_clones
AAACGAAGTTAGAGAT_MDA_clones,CTCCTCCGCGGCGAAACG,MDA_clones
TCCTGCAAGGCTCACC_MDA_clones,CCCGCTGCGGCTGCTCCG,MDA_clones
CAGGGCTAGGACCCAA_MDA_clones,TCCCTGGAGTCTTCGAAC,MDA_clones
CATACAGCATCGAGCC_MDA_clones,CTCCTCCGCGGCGAAACG,MDA_clones
GACCAATGTTATGGTC_MDA_clones,CTGCGGCAGGAGTGACGG,MDA_clones
GTATTTCCACGAAAGC_MDA_clones,CTCCTCCGCGGCGAAACG,MDA_clones
TCAGTGACAATCCAGT_MDA_clones,TCCCTGGAGTCTTCGAAC,MDA_clones
CCCTCTCGTCATAAAG_MDA_clones,TCCCTGGAGTCTTCGAAC,MDA_clones
GTGGGAACATTGCTGA_MDA_clones,CGCCGAACAGCTTCAGTG,MDA_clones
GTTCATTAGGCGCTCT_MDA_clones,TCCCTGGAGTCTTCGAAC,MDA_clones
GAGTGTTTCACTTCTA_MDA_clones,TCCCTGGAGTCTTCGAAC,MDA_clones
TTGTGGATCGGAGCAA_MDA_clones,CTCCTCCGCGGCGAAACG,MDA_clones
ACCCTCATCTTGAGCA_MDA_clones,TAGAGCACCAAAACTGCA,MDA_clones
CTTTCGGCACAGAGAC_MDA_clones,CGCCGAACAGCTTCAGTG,MDA_clones
AGGTTACTCAAACCTG_MDA_clones,CTCCTCCGCGGCGAAACG,MDA_clones
GCCATGGAGCGCGTTC_MDA_clones,TCCCTGGAGTCTTCGAAC,MDA_clones
ATCACTTCAAGACCGA_MDA_clones,TTACCCTGTGCGACCCAG,MDA_clones
TCTCAGCCACGCTGAC_MDA_clones,CTGCGGCAGGAGTGACGG,MDA_clones
TGACAGTCACATCCCT_MDA_clones,CTCCTCCGCGGCGAAACG,MDA_clones
ATGCCTCTCATCGCAA_MDA_clones,CGCCGAACAGCTTCAGTG,MDA_clones
AAGTGAATCCGCTGTT_MDA_clones,TAGAGCACCAAAACTGCA,MDA_clones
CGTAATGCACGCTGCA_MDA_clones,CTCCTCCGCGGCGAAACG,MDA_clones
AGGATAAGTCACTACA_MDA_clones,TTACCCTGTGCGACCCAG,MDA_clones
GAGGGATCACGACAAG_MDA_clones,CTCCTCCGCGGCGAAACG,MDA_clones
CTCCTTTAGGAAAGGT_MDA_clones,CCCGCTGCGGCTGCTCCG,MDA_clones
AACCTGAAGTCACTGT_MDA_clones,CTCCTCCGCGGCGAAACG,MDA_clones
GATCACATCTAGTTCT_MDA_clones,CCCGCTGCGGCTGCTCCG,MDA_clones
CAATTTCTCTCCTGAC_MDA_clones,CCCGCTGCGGCTGCTCCG,MDA_clones
ATTTCACAGACCCTTA_MDA_clones,TCCCTGGAGTCTTCGAAC,MDA_clones
AACGTCATCTCGTGAA_MDA_clones,CCCGCTGCGGCTGCTCCG,MDA_clones
CCTTGTGGTCAAGTTC_MDA_clones,CTGCGGCAGGAGTGACGG,MDA_clones
TAGGGTTGTACGAGCA_MDA_clones,TCCCTGGAGTCTTCGAAC,MDA_clones
TTCCTTCCATGAATAG_MDA_clones,TAGAGCACCAAAACTGCA,MDA_clones
GGCGTCAGTCTAGATC_MDA_clones,CTCCTCCGCGGCGAAACG,MDA_clones
ACCTACCTCGCTCCTA_MDA_clones,TTACCCTGTGCGACCCAG,MDA_clones
GCACATAGTTAGAGAT_MDA_clones,CCGCAATAAATGCGACTT,MDA_clones
GGAGGATGTGTTACTG_MDA_clones,TAGAGCACCAAAACTGCA,MDA_clones
CAACCAAGTTCAGCGC_MDA_clones,CTGCGGCAGGAGTGACGG,MDA_clones
TTCTTGAGTGGTCTTA_MDA_clones,TAGAGCACCAAAACTGCA,MDA_clones
CCTAAGATCTGCTAGA_MDA_clones,TAGAGCACCAAAACTGCA,MDA_clones
GTGTCCTTCACCACAA_MDA_clones,CTCCTCCGCGGCGAAACG,MDA_clones
AGTGATCTCATTTGTC_MDA_clones,TTACCCTGTGCGACCCAG,MDA_clones
CACGGGTGTTCCACAA_MDA_clones,TAGAGCACCAAAACTGCA,MDA_clones
ATTGGGTTCCGAGCTG_MDA_clones,TTACCCTGTGCGACCCAG,MDA_clones
TGCAGGCGTTGAGGAC_MDA_clones,TCCCTGGAGTCTTCGAAC,MDA_clones
TGGTGATGTCATGACT_MDA_clones,CTCCTCCGCGGCGAAACG,MDA_clones
TGGGTTATCAGCGGAA_MDA_clones,CTCCTCCGCGGCGAAACG,MDA_clones
CCGCAAGGTAGGAAAG_MDA_clones,CTGCGGCAGGAGTGACGG,MDA_clones
TTTCGATTCGGAGCAA_MDA_clones,CTCCTCCGCGGCGAAACG,MDA_clones
GATTCTTGTTATAGCC_MDA_clones,TTACCCTGTGCGACCCAG,MDA_clones
GGAATCTGTTGTGCAT_MDA_clones,CTCCTCCGCGGCGAAACG,MDA_clones
GGAGATGTCCAGTGCG_MDA_clones,CGCCGAACAGCTTCAGTG,MDA_clones
TCGTGCTCACCTCTAC_MDA_clones,CCGCAATAAATGCGACTT,MDA_clones
TCCGAAAGTCAGCTTA_MDA_clones,CTCCTCCGCGGCGAAACG,MDA_clones
TACTTACAGGTATCTC_MDA_clones,TAGAGCACCAAAACTGCA,MDA_clones
TCTGCCAGTTGCGGAA_MDA_clones,CGCCGAACAGCTTCAGTG,MDA_clones
TCATGCCCAGTTTGGT_MDA_clones,CCCGCTGCGGCTGCTCCG,MDA_clones
CTTTCGGAGTGCAGCA_MDA_clones,CTCCTCCGCGGCGAAACG,MDA_clones
TCATCATAGAGCAGAA_MDA_clones,TCCCTGGAGTCTTCGAAC,MDA_clones
GTATTTCTCATGCATG_MDA_clones,CTCCTCCGCGGCGAAACG,MDA_clones
ATAGACCGTATCACGT_MDA_clones,CTCCTCCGCGGCGAAACG,MDA_clones
AGTAGCTTCACATCAG_MDA_clones,TCCCTGGAGTCTTCGAAC,MDA_clones
CTCCAACCATTGGCAT_MDA_clones,CCCGCTGCGGCTGCTCCG,MDA_clones
GCAGCTGTCTGACGCG_MDA_clones,CGCCGAACAGCTTCAGTG,MDA_clones
GCTACAAAGATGAACT_MDA_clones,CGCCGAACAGCTTCAGTG,MDA_clones
CTTAGGAGTGGAAGTC_MDA_clones,TAGAGCACCAAAACTGCA,MDA_clones
AACCATGCACAACGAG_MDA_clones,TAGAGCACCAAAACTGCA,MDA_clones
TATCAGGGTACGGTTT_MDA_clones,TCCCTGGAGTCTTCGAAC,MDA_clones
GGAGCAATCGAACCTA_MDA_clones,TTACCCTGTGCGACCCAG,MDA_clones
GTCTCACTCCAGTTCC_MDA_clones,CTGCGGCAGGAGTGACGG,MDA_clones
CCCTGATAGCATCAAA_MDA_clones,TCCCTGGAGTCTTCGAAC,MDA_clones
TCACAAGGTTGCTCGG_MDA_clones,CCCGCTGCGGCTGCTCCG,MDA_clones
TTCGGTCGTCGACTGC_MDA_clones,CTCCTCCGCGGCGAAACG,MDA_clones
TGATCAGCAGTGGCTC_MDA_clones,TCCCTGGAGTCTTCGAAC,MDA_clones
TTAGGGTTCTCGGCTT_MDA_clones,CCCGCTGCGGCTGCTCCG,MDA_clones
CGAGTTAGTGAGGCAT_MDA_clones,CTCCTCCGCGGCGAAACG,MDA_clones
TTACAGGAGATGCAGC_MDA_clones,TCCCTGGAGTCTTCGAAC,MDA_clones
TGCTGAAGTACAAGCG_MDA_clones,CTCCTCCGCGGCGAAACG,MDA_clones
GTTAGTGCAGAGGTTG_MDA_clones,CCCGCTGCGGCTGCTCCG,MDA_clones
AGACACTCATAGATCC_MDA_clones,TAGAGCACCAAAACTGCA,MDA_clones
GCACATAGTGAGCTCC_MDA_clones,TCCCTGGAGTCTTCGAAC,MDA_clones
TCGTAGAAGGTACTGG_MDA_clones,CCCGCTGCGGCTGCTCCG,MDA_clones
GGACGTCGTTGTTTGG_MDA_clones,TTACCCTGTGCGACCCAG,MDA_clones
CATTCTATCATGCCCT_MDA_clones,CTCCTCCGCGGCGAAACG,MDA_clones
GAATCACGTTGCATGT_MDA_clones,CTCCTCCGCGGCGAAACG,MDA_clones
GAAGAATTCGTAGTCA_MDA_clones,CTCCTCCGCGGCGAAACG,MDA_clones
TTAATCCGTTTCAGAC_MDA_clones,CTCCTCCGCGGCGAAACG,MDA_clones
GCGTTTCTCTTTGCTA_MDA_clones,TCCCTGGAGTCTTCGAAC,MDA_clones
TGTTCATAGCATTTGC_MDA_clones,CTCCTCCGCGGCGAAACG,MDA_clones
CGTCCATTCCATTGCC_MDA_clones,CTGCGGCAGGAGTGACGG,MDA_clones
TCCACGTGTCGTGTTA_MDA_clones,CGCCGAACAGCTTCAGTG,MDA_clones
GATAGCTTCGACCATA_MDA_clones,TAGAGCACCAAAACTGCA,MDA_clones
CCAAGCGGTGATACTC_MDA_clones,CCGCAATAAATGCGACTT,MDA_clones
TTCCGTGGTGTACGCC_MDA_clones,TCCCTGGAGTCTTCGAAC,MDA_clones
GTAGAGGGTTATGGTC_MDA_clones,TCCCTGGAGTCTTCGAAC,MDA_clones
TTGTGGACAGGTTACT_MDA_clones,CCCGCTGCGGCTGCTCCG,MDA_clones
CATACTTTCGTGTCAA_MDA_clones,TTACCCTGTGCGACCCAG,MDA_clones
TATTTCGTCTCGCTTG_MDA_clones,CTCCTCCGCGGCGAAACG,MDA_clones
TTCTGTAGTTGTTGCA_MDA_clones,CCGCAATAAATGCGACTT,MDA_clones
CAACGGCCACTGAGTT_MDA_clones,TTACCCTGTGCGACCCAG,MDA_clones
GCCCGAATCACTGGTA_MDA_clones,TTACCCTGTGCGACCCAG,MDA_clones
GCATTAGAGGACACTG_MDA_clones,TCCCTGGAGTCTTCGAAC,MDA_clones
GGTTGTAGTAATGATG_MDA_clones,TCCCTGGAGTCTTCGAAC,MDA_clones
GTAGAGGAGATAGCAT_MDA_clones,CTCCTCCGCGGCGAAACG,MDA_clones
CTCAACCGTAGCACGA_MDA_clones,CCCGCTGCGGCTGCTCCG,MDA_clones
TTTCACAAGTCAAGCG_MDA_clones,CCCGCTGCGGCTGCTCCG,MDA_clones
TTCAATCGTTCAGCGC_MDA_clones,CCCGCTGCGGCTGCTCCG,MDA_clones
GGGAAGTTCAGCCCAG_MDA_clones,TAGAGCACCAAAACTGCA,MDA_clones
TTTGGAGAGCTCGGCT_MDA_clones,CTGCGGCAGGAGTGACGG,MDA_clones
AACAAGATCTTTCCGG_MDA_clones,CTGCGGCAGGAGTGACGG,MDA_clones
CTTACCGAGGTCATTC_MDA_clones,TAGAGCACCAAAACTGCA,MDA_clones
TTTCCTCGTGAGTAGC_MDA_clones,TTACCCTGTGCGACCCAG,MDA_clones
CGTAGTAAGTCCTGTA_MDA_clones,TTACCCTGTGCGACCCAG,MDA_clones
ATACTTCAGTAGACCG_MDA_clones,CTCCTCCGCGGCGAAACG,MDA_clones
AGGGCTCGTACGAGCA_MDA_clones,TCCCTGGAGTCTTCGAAC,MDA_clones
TACGGGCTCTATTGTC_MDA_clones,TCCCTGGAGTCTTCGAAC,MDA_clones
TTACAGGGTCAGTCTA_MDA_clones,TTACCCTGTGCGACCCAG,MDA_clones
GCAGCCAAGTATAGAC_MDA_clones,TCCCTGGAGTCTTCGAAC,MDA_clones
CCGTAGGCAAGTTCCA_MDA_clones,CTGCGGCAGGAGTGACGG,MDA_clones
CATTGTTCATAAGCAA_MDA_clones,TTACCCTGTGCGACCCAG,MDA_clones
GATGACTCAGTAACCT_MDA_clones,CTCCTCCGCGGCGAAACG,MDA_clones
GTTAGACGTGACAGCA_MDA_clones,TAGAGCACCAAAACTGCA,MDA_clones
CTTCGGTGTACGACAG_MDA_clones,CGCCGAACAGCTTCAGTG,MDA_clones
ATTCTACAGGTGATAT_MDA_clones,CCCGCTGCGGCTGCTCCG,MDA_clones
CGTAATGGTTCTCCCA_MDA_clones,CTGCGGCAGGAGTGACGG,MDA_clones
CAGATCAAGATTACCC_MDA_clones,TTACCCTGTGCGACCCAG,MDA_clones
TGAGGAGTCTGTCGTC_MDA_clones,CTCCTCCGCGGCGAAACG,MDA_clones
CCGATCTCAGTCTGGC_MDA_clones,CTCCTCCGCGGCGAAACG,MDA_clones
ACGTAGTCAATCTCGA_MDA_clones,CTCCTCCGCGGCGAAACG,MDA_clones
GAAATGATCGATCCCT_MDA_clones,CGCCGAACAGCTTCAGTG,MDA_clones
CGGGCATTCTTGGTGA_MDA_clones,TTACCCTGTGCGACCCAG,MDA_clones
TAACACGCATGGCTAT_MDA_clones,CTCCTCCGCGGCGAAACG,MDA_clones
TAATTCCAGCACAAAT_MDA_clones,TCCCTGGAGTCTTCGAAC,MDA_clones
CGTGCTTTCATTTCCA_MDA_clones,CCGCAATAAATGCGACTT,MDA_clones
GTCAAGTAGTTCCTGA_MDA_clones,CTGCGGCAGGAGTGACGG,MDA_clones
CTATAGGGTATGGTTC_MDA_clones,CTCCTCCGCGGCGAAACG,MDA_clones
ATGTCCCGTCAGCTTA_MDA_clones,CCCGCTGCGGCTGCTCCG,MDA_clones
TAGATCGAGACGAGCT_MDA_clones,TCCCTGGAGTCTTCGAAC,MDA_clones
TCAATCTCAAGTCCAT_MDA_clones,CGCCGAACAGCTTCAGTG,MDA_clones
GCGGAAAAGTACCCTA_MDA_clones,TTACCCTGTGCGACCCAG,MDA_clones
GTAAGTCCATCGCCTT_MDA_clones,CTCCTCCGCGGCGAAACG,MDA_clones
GAGGGATGTCTACGAT_MDA_clones,CCCGCTGCGGCTGCTCCG,MDA_clones
TGTCAGAGTAGTGATA_MDA_clones,CCGCAATAAATGCGACTT,MDA_clones
GTCGCGATCCAAGCCG_MDA_clones,TTACCCTGTGCGACCCAG,MDA_clones
GACCGTGAGATGCGAC_MDA_clones,CTCCTCCGCGGCGAAACG,MDA_clones
GCCTGTTTCCAACCAA_MDA_clones,TTACCCTGTGCGACCCAG,MDA_clones
AAGCGTTGTCGTCAGC_MDA_clones,TAGAGCACCAAAACTGCA,MDA_clones
AAATGGATCTCCGAGG_MDA_clones,TAGAGCACCAAAACTGCA,MDA_clones
AACCTTTGTACCGTGC_MDA_clones,TCCCTGGAGTCTTCGAAC,MDA_clones
CAGTGCGAGGAGTCTG_MDA_clones,TTACCCTGTGCGACCCAG,MDA_clones
CTAGGTATCGACGATT_MDA_clones,CGCCGAACAGCTTCAGTG,MDA_clones
CTCCCTCCACACCTAA_MDA_clones,TCCCTGGAGTCTTCGAAC,MDA_clones
TTTATGCAGCCTGACC_MDA_clones,CGCCGAACAGCTTCAGTG,MDA_clones
GGAGAACCAACGTAAA_MDA_clones,CCGCAATAAATGCGACTT,MDA_clones
GATGTTGAGCAGCACA_MDA_clones,CTGCGGCAGGAGTGACGG,MDA_clones
AAGTGAATCTATCGCC_MDA_clones,TAGAGCACCAAAACTGCA,MDA_clones
AGAACAACACACAGAG_MDA_clones,CTGCGGCAGGAGTGACGG,MDA_clones
ATTCGTTAGCTTCATG_MDA_clones,TAGAGCACCAAAACTGCA,MDA_clones
TCATTTGTCAGGAGAC_MDA_clones,CTCCTCCGCGGCGAAACG,MDA_clones
CAAGACTAGGTTGCCC_MDA_clones,CGCCGAACAGCTTCAGTG,MDA_clones
CGAATTGTCTGTACAG_MDA_clones,CTGCGGCAGGAGTGACGG,MDA_clones
ATGCCTCCAGGCTCTG_MDA_clones,CTCCTCCGCGGCGAAACG,MDA_clones
TGATCTTTCTGAGTCA_MDA_clones,TCCCTGGAGTCTTCGAAC,MDA_clones
GTGTGGCGTGGTCTCG_MDA_clones,TCCCTGGAGTCTTCGAAC,MDA_clones
CAAGACTCACTCTAGA_MDA_clones,CTCCTCCGCGGCGAAACG,MDA_clones
CTGGACGTCTGGAAGG_MDA_clones,TTACCCTGTGCGACCCAG,MDA_clones
CACCAAACAAGATCCT_MDA_clones,CTCCTCCGCGGCGAAACG,MDA_clones
GTCACTCCAACGGTAG_MDA_clones,TTACCCTGTGCGACCCAG,MDA_clones
TCAGGTACACTCAGAT_MDA_clones,TAGAGCACCAAAACTGCA,MDA_clones
TCCTCCCAGAGAGGTA_MDA_clones,TTACCCTGTGCGACCCAG,MDA_clones
TACCCACAGTCGGCCT_MDA_clones,CCCGCTGCGGCTGCTCCG,MDA_clones
AACAGGGTCACCTTAT_MDA_clones,CCGCAATAAATGCGACTT,MDA_clones
AGTAACCCACGCTTAA_MDA_clones,TCCCTGGAGTCTTCGAAC,MDA_clones
CTTCCGATCAGCCTCT_MDA_clones,CGCCGAACAGCTTCAGTG,MDA_clones
TGTTTGTAGAGATGCC_MDA_clones,TCCCTGGAGTCTTCGAAC,MDA_clones
GGGATCCTCCTTCAGC_MDA_clones,TAGAGCACCAAAACTGCA,MDA_clones
TGGTGATGTATATGGA_MDA_clones,TTACCCTGTGCGACCCAG,MDA_clones
GGGTCACGTGACTCGC_MDA_clones,TTACCCTGTGCGACCCAG,MDA_clones
ATTACTCCAATGCAAA_MDA_clones,TAGAGCACCAAAACTGCA,MDA_clones
GTAACACTCAACGCTA_MDA_clones,CTGCGGCAGGAGTGACGG,MDA_clones
GGTCACGTCTGAGGTT_MDA_clones,CTCCTCCGCGGCGAAACG,MDA_clones
AATTCCTGTAACATAG_MDA_clones,CTCCTCCGCGGCGAAACG,MDA_clones
CAGATTGCACTACACA_MDA_clones,TCCCTGGAGTCTTCGAAC,MDA_clones
CGGACACCATACCACA_MDA_clones,TTACCCTGTGCGACCCAG,MDA_clones
GGTCTGGGTGCACAAG_MDA_clones,CGCCGAACAGCTTCAGTG,MDA_clones
AAACGCTTCGAGAAGC_MDA_clones,CTCCTCCGCGGCGAAACG,MDA_clones
CTCATCGTCCAAAGGG_MDA_clones,CGCCGAACAGCTTCAGTG,MDA_clones
GTCACGGAGATAACAC_MDA_clones,TTACCCTGTGCGACCCAG,MDA_clones
AATTTCCCAACATACC_MDA_clones,TCCCTGGAGTCTTCGAAC,MDA_clones
TTTGGTTTCGATTGAC_MDA_clones,CTGCGGCAGGAGTGACGG,MDA_clones
GACTTCCCATGGGCAA_MDA_clones,CTCCTCCGCGGCGAAACG,MDA_clones
ACTATGGAGATGAATC_MDA_clones,TAGAGCACCAAAACTGCA,MDA_clones
CTATCCGCATCGATAC_MDA_clones,TAGAGCACCAAAACTGCA,MDA_clones
TCATTCATCGACGTCG_MDA_clones,CTCCTCCGCGGCGAAACG,MDA_clones
TCCAGAAAGGTCTGGA_MDA_clones,TAGAGCACCAAAACTGCA,MDA_clones
TACCTCGAGACGGTTG_MDA_clones,TCCCTGGAGTCTTCGAAC,MDA_clones
AACAAGATCGCCAATA_MDA_clones,TCCCTGGAGTCTTCGAAC,MDA_clones
AACGGGACATGGGCAA_MDA_clones,CGCCGAACAGCTTCAGTG,MDA_clones
TAGACTGGTATTTCTC_MDA_clones,CCGCAATAAATGCGACTT,MDA_clones
TTTCACAGTAATTGGA_MDA_clones,CTCCTCCGCGGCGAAACG,MDA_clones
TCAAGCATCGGAATGG_MDA_clones,TTACCCTGTGCGACCCAG,MDA_clones
CGCGTGAGTTGGCCTG_MDA_clones,TAGAGCACCAAAACTGCA,MDA_clones
TTCATGTGTTAGCTAC_MDA_clones,CGCCGAACAGCTTCAGTG,MDA_clones
ACATGCAAGAGAGTTT_MDA_clones,CTCCTCCGCGGCGAAACG,MDA_clones
GCATCGGCACATGAAA_MDA_clones,CTCCTCCGCGGCGAAACG,MDA_clones
GGACGTCTCACATTGG_MDA_clones,TTACCCTGTGCGACCCAG,MDA_clones
GCTTTCGCAAAGTATG_MDA_clones,CTCCTCCGCGGCGAAACG,MDA_clones
GAAGTAATCTCTTCAA_MDA_clones,TCCCTGGAGTCTTCGAAC,MDA_clones
ATACTTCCAAAGTGTA_MDA_clones,CTCCTCCGCGGCGAAACG,MDA_clones
GAGTTTGCACTGGATT_MDA_clones,TTACCCTGTGCGACCCAG,MDA_clones
CGAGTGCGTTTGCCGG_MDA_clones,TTACCCTGTGCGACCCAG,MDA_clones
TACCCGTTCATACAGC_MDA_clones,CTCCTCCGCGGCGAAACG,MDA_clones
TGATTCTTCGAATCCA_MDA_clones,TAGAGCACCAAAACTGCA,MDA_clones
GAGAAATGTTCAACGT_MDA_clones,CTCCTCCGCGGCGAAACG,MDA_clones
TCTAACTAGTTAACAG_MDA_clones,CCGCAATAAATGCGACTT,MDA_clones
GAAATGACACTGTGTA_MDA_clones,TTACCCTGTGCGACCCAG,MDA_clones
CGGCAGTCAACCGTGC_MDA_clones,TCCCTGGAGTCTTCGAAC,MDA_clones
GGGTTTATCAGCGGAA_MDA_clones,CGCCGAACAGCTTCAGTG,MDA_clones
TGCTCCAAGAGTTGCG_MDA_clones,CTCCTCCGCGGCGAAACG,MDA_clones
GCGTTTCAGGCGAACT_MDA_clones,CCCGCTGCGGCTGCTCCG,MDA_clones
TTTATGCCACAAGTTC_MDA_clones,CTCCTCCGCGGCGAAACG,MDA_clones
TTAATCCGTTCATCTT_MDA_clones,TTACCCTGTGCGACCCAG,MDA_clones
AAGCCATCATGACAGG_MDA_clones,TTACCCTGTGCGACCCAG,MDA_clones
ATTCCTATCTATTGTC_MDA_clones,CTCCTCCGCGGCGAAACG,MDA_clones
CGTCAAAGTCATGGCC_MDA_clones,CCCGCTGCGGCTGCTCCG,MDA_clones
GGTGTCGGTTACACTG_MDA_clones,TCCCTGGAGTCTTCGAAC,MDA_clones
AGAGAATCAGCAGATG_MDA_clones,CTCCTCCGCGGCGAAACG,MDA_clones
GCCATGGTCATGGATC_MDA_clones,CTCCTCCGCGGCGAAACG,MDA_clones
ATAGGCTTCAGACATC_MDA_clones,CTGCGGCAGGAGTGACGG,MDA_clones
ATGCATGGTGACCGAA_MDA_clones,TCCCTGGAGTCTTCGAAC,MDA_clones
TTCATTGAGGTTCAGG_MDA_clones,TAGAGCACCAAAACTGCA,MDA_clones
CAGGTATCACTAACCA_MDA_clones,CTGCGGCAGGAGTGACGG,MDA_clones
TGGAGAGGTCGTTTCC_MDA_clones,CCCGCTGCGGCTGCTCCG,MDA_clones
GGGACAATCGGTAGAG_MDA_clones,CTCCTCCGCGGCGAAACG,MDA_clones
TTTGGTTTCGGCGATC_MDA_clones,CGCCGAACAGCTTCAGTG,MDA_clones
GATCACAAGTTCTCTT_MDA_clones,CTGCGGCAGGAGTGACGG,MDA_clones
ATTCACTTCCATAAGC_MDA_clones,CTCCTCCGCGGCGAAACG,MDA_clones
GTGAGTTAGTACAGCG_MDA_clones,CTCCTCCGCGGCGAAACG,MDA_clones
GTGGAAGGTTGTTGAC_MDA_clones,CCCGCTGCGGCTGCTCCG,MDA_clones
CCCTCTCCAGACACAG_MDA_clones,CTCCTCCGCGGCGAAACG,MDA_clones
GTAACACTCTAACGCA_MDA_clones,TTACCCTGTGCGACCCAG,MDA_clones
TTCCAATAGGATATAC_MDA_clones,TCCCTGGAGTCTTCGAAC,MDA_clones
TGGGCGTGTTTACCAG_MDA_clones,TCCCTGGAGTCTTCGAAC,MDA_clones
ACTACGAGTTGCACGC_MDA_clones,CTCCTCCGCGGCGAAACG,MDA_clones
TTGTTTGCAGTTGAAA_MDA_clones,TTACCCTGTGCGACCCAG,MDA_clones
AGGGTGATCTCCTGCA_MDA_clones,CTGCGGCAGGAGTGACGG,MDA_clones
TGTGAGTTCGTAGTCA_MDA_clones,CCGCAATAAATGCGACTT,MDA_clones
CCTCACATCGGACAAG_MDA_clones,CCGCAATAAATGCGACTT,MDA_clones
CCACCATCAGGGATAC_MDA_clones,TTACCCTGTGCGACCCAG,MDA_clones
TCGTCCAGTGGAACAC_MDA_clones,TCCCTGGAGTCTTCGAAC,MDA_clones
TCGCAGGTCCACATAG_MDA_clones,CGCCGAACAGCTTCAGTG,MDA_clones
TCCGTGTGTGACTCTA_MDA_clones,TCCCTGGAGTCTTCGAAC,MDA_clones
CTCACTGGTACTGGGA_MDA_clones,CTGCGGCAGGAGTGACGG,MDA_clones
GACTGATTCCCGAATA_MDA_clones,CCGCAATAAATGCGACTT,MDA_clones
TTCGATTCATTGGCAT_MDA_clones,TTACCCTGTGCGACCCAG,MDA_clones
CACTAAGCACATTCGA_MDA_clones,TTACCCTGTGCGACCCAG,MDA_clones
GGCACGTTCTCTAAGG_MDA_clones,CTCCTCCGCGGCGAAACG,MDA_clones
CCTAACCAGCGTGAAC_MDA_clones,CTCCTCCGCGGCGAAACG,MDA_clones
ACTATGGAGGTTCACT_MDA_clones,CTCCTCCGCGGCGAAACG,MDA_clones
ACGGGTCGTGACAGCA_MDA_clones,TTACCCTGTGCGACCCAG,MDA_clones
CGATGGCCATCGAGCC_MDA_clones,CTGCGGCAGGAGTGACGG,MDA_clones
TAAGTCGTCGGAGATG_MDA_clones,TCCCTGGAGTCTTCGAAC,MDA_clones
TCGCACTGTAGCACGA_MDA_clones,CCCGCTGCGGCTGCTCCG,MDA_clones
TAGGTACCACTTCTCG_MDA_clones,CGCCGAACAGCTTCAGTG,MDA_clones
GCCAGCAGTATCATGC_MDA_clones,TCCCTGGAGTCTTCGAAC,MDA_clones
ACTTTGTAGCACTAAA_MDA_clones,TCCCTGGAGTCTTCGAAC,MDA_clones
GTTGTGACACTTGGGC_MDA_clones,TCCCTGGAGTCTTCGAAC,MDA_clones
GCTGAATTCAACACGT_MDA_clones,CTGCGGCAGGAGTGACGG,MDA_clones
ATCGTCCAGTCACGAG_MDA_clones,CCCGCTGCGGCTGCTCCG,MDA_clones
TCCATGCCAGCTGTGC_MDA_clones,TCCCTGGAGTCTTCGAAC,MDA_clones
ATCGGATCATCCAATG_MDA_clones,TTACCCTGTGCGACCCAG,MDA_clones
GCCAGTGGTCCGACGT_MDA_clones,CTCCTCCGCGGCGAAACG,MDA_clones
TGTCAGAGTAAGCAAT_MDA_clones,CTCCTCCGCGGCGAAACG,MDA_clones
TGATCAGTCAACGTGT_MDA_clones,CGCCGAACAGCTTCAGTG,MDA_clones
TTTGGTTAGGAAGTCC_MDA_clones,CCGCAATAAATGCGACTT,MDA_clones
GGGCTCAAGTCAAGCG_MDA_clones,CTCCTCCGCGGCGAAACG,MDA_clones
CCTCAGTAGCGGTATG_MDA_clones,TCCCTGGAGTCTTCGAAC,MDA_clones
TACCGGGAGGACGCAT_MDA_clones,CTCCTCCGCGGCGAAACG,MDA_clones
GATCCCTCATAGCTGT_MDA_clones,CTCCTCCGCGGCGAAACG,MDA_clones
GTAATCGAGGTTGGAC_MDA_clones,CTCCTCCGCGGCGAAACG,MDA_clones
TCCTCGACATAACCCA_MDA_clones,CGCCGAACAGCTTCAGTG,MDA_clones
AGTAACCTCGTTGTAG_MDA_clones,TAGAGCACCAAAACTGCA,MDA_clones
GACGTTATCCGAGCTG_MDA_clones,CTCCTCCGCGGCGAAACG,MDA_clones
CGTAAGTTCACGGACC_MDA_clones,CTGCGGCAGGAGTGACGG,MDA_clones
ACACTGATCTTGCAAG_MDA_clones,TTACCCTGTGCGACCCAG,MDA_clones
AGATAGATCTCTGCCA_MDA_clones,CGCCGAACAGCTTCAGTG,MDA_clones
GACAGCCTCGAGAAAT_MDA_clones,TTACCCTGTGCGACCCAG,MDA_clones
GGTTGTAAGAGGCTGT_MDA_clones,TAGAGCACCAAAACTGCA,MDA_clones
GTGATGTTCGATGCAT_MDA_clones,TCCCTGGAGTCTTCGAAC,MDA_clones
TACGCTCTCTGTAAGC_MDA_clones,CCCGCTGCGGCTGCTCCG,MDA_clones
CAGCAGCCACTTTAGG_MDA_clones,CCGCAATAAATGCGACTT,MDA_clones
GACCCAGAGGCTGAAC_MDA_clones,TCCCTGGAGTCTTCGAAC,MDA_clones
GAAATGATCGTTTACT_MDA_clones,CTGCGGCAGGAGTGACGG,MDA_clones
TTGCATTAGATAGCAT_MDA_clones,CTCCTCCGCGGCGAAACG,MDA_clones
CATAAGCTCGGATACT_MDA_clones,CTCCTCCGCGGCGAAACG,MDA_clones
TTAGGCACAACTCGTA_MDA_clones,CTCCTCCGCGGCGAAACG,MDA_clones
TGTAAGCCATCGTTCC_MDA_clones,TCCCTGGAGTCTTCGAAC,MDA_clones
AATGAAGTCTAGGCAT_MDA_clones,TCCCTGGAGTCTTCGAAC,MDA_clones
TGTAACGCATTCTCTA_MDA_clones,CTCCTCCGCGGCGAAACG,MDA_clones
GTTGAACCAAAGCACG_MDA_clones,TAGAGCACCAAAACTGCA,MDA_clones
ATTACCTCACCTTCGT_MDA_clones,TCCCTGGAGTCTTCGAAC,MDA_clones
CATGAGTCACATAACC_MDA_clones,TCCCTGGAGTCTTCGAAC,MDA_clones
GTATTTCCAGCGCGTT_MDA_clones,TTACCCTGTGCGACCCAG,MDA_clones
AGGTCATGTAATTGGA_MDA_clones,TAGAGCACCAAAACTGCA,MDA_clones
ACGTAACGTTCAGCTA_MDA_clones,TCCCTGGAGTCTTCGAAC,MDA_clones
CATAAGCTCGTGGAAG_MDA_clones,CCGCAATAAATGCGACTT,MDA_clones
AGTTCCCGTTCGTAAC_MDA_clones,TTACCCTGTGCGACCCAG,MDA_clones
ATCACTTAGACTTCCA_MDA_clones,TCCCTGGAGTCTTCGAAC,MDA_clones
AGCCACGAGTGCCGAA_MDA_clones,CTGCGGCAGGAGTGACGG,MDA_clones
TCAGCCTTCAAGCTGT_MDA_clones,CTCCTCCGCGGCGAAACG,MDA_clones
TCTTTGACATGGATCT_MDA_clones,TCCCTGGAGTCTTCGAAC,MDA_clones
AAGTACCTCATTCGGA_MDA_clones,CTGCGGCAGGAGTGACGG,MDA_clones
TATTCCACAGCTGTGC_MDA_clones,CTCCTCCGCGGCGAAACG,MDA_clones
TAAGTCGAGTACTGTC_MDA_clones,CGCCGAACAGCTTCAGTG,MDA_clones
GAGACCCAGTCTACCA_MDA_clones,TCCCTGGAGTCTTCGAAC,MDA_clones
TGACCCTTCACATTGG_MDA_clones,CGCCGAACAGCTTCAGTG,MDA_clones
GTCAAGTAGATCCTAC_MDA_clones,TTACCCTGTGCGACCCAG,MDA_clones
CGAATTGAGGGTCTTT_MDA_clones,TTACCCTGTGCGACCCAG,MDA_clones
GAGTTTGTCACCATCC_MDA_clones,CCCGCTGCGGCTGCTCCG,MDA_clones
GCCCGAAAGGTTAAAC_MDA_clones,CTGCGGCAGGAGTGACGG,MDA_clones
GAGTTGTTCAACCTCC_MDA_clones,TCCCTGGAGTCTTCGAAC,MDA_clones
TGCATGAAGGTGATAT_MDA_clones,TTACCCTGTGCGACCCAG,MDA_clones
CCACAAAGTGAGATCG_MDA_clones,TTACCCTGTGCGACCCAG,MDA_clones
TCATACTCAATCGCCG_MDA_clones,TCCCTGGAGTCTTCGAAC,MDA_clones
ACACAGTCAACTGATC_MDA_clones,TTACCCTGTGCGACCCAG,MDA_clones
ATACCTTCATGGGATG_MDA_clones,CTCCTCCGCGGCGAAACG,MDA_clones
ATAGGCTAGAAGCTGC_MDA_clones,TTACCCTGTGCGACCCAG,MDA_clones
TTCTGTACATACGCAT_MDA_clones,TTACCCTGTGCGACCCAG,MDA_clones
CTTGAGACACTCCCTA_MDA_clones,CCCGCTGCGGCTGCTCCG,MDA_clones
CGAGGAACACAATGTC_MDA_clones,CTCCTCCGCGGCGAAACG,MDA_clones
CCTCTAGAGGCGAAGG_MDA_clones,TAGAGCACCAAAACTGCA,MDA_clones
AACACACGTACTGTTG_MDA_clones,TCCCTGGAGTCTTCGAAC,MDA_clones
GATGGAGAGAAGAGCA_MDA_clones,CTCCTCCGCGGCGAAACG,MDA_clones
AACCACATCCATAGAC_MDA_clones,TTACCCTGTGCGACCCAG,MDA_clones
GACTATGGTAGAAACT_MDA_clones,TCCCTGGAGTCTTCGAAC,MDA_clones
CCGTAGGGTACAGTTC_MDA_clones,CCGCAATAAATGCGACTT,MDA_clones
GCTCAAATCTGCAGCG_MDA_clones,CCCGCTGCGGCTGCTCCG,MDA_clones
GCGAGAAGTATCACCA_MDA_clones,TAGAGCACCAAAACTGCA,MDA_clones
GTAAGTCCACGACAGA_MDA_clones,TAGAGCACCAAAACTGCA,MDA_clones
TTGGGATCAGTTGTCA_MDA_clones,CTCCTCCGCGGCGAAACG,MDA_clones
AATCGACGTACAAAGT_MDA_clones,CGCCGAACAGCTTCAGTG,MDA_clones
GTAGGAGAGGGCAGTT_MDA_clones,TCCCTGGAGTCTTCGAAC,MDA_clones
TGATGGTTCGGCACTG_MDA_clones,CTGCGGCAGGAGTGACGG,MDA_clones
CATTCATTCATACGAC_MDA_clones,TCCCTGGAGTCTTCGAAC,MDA_clones
GACTGATGTCCGCAGT_MDA_clones,CCCGCTGCGGCTGCTCCG,MDA_clones
AGAGCCCCATTGTCGA_MDA_clones,TAGAGCACCAAAACTGCA,MDA_clones
TGACTCCAGACCAACG_MDA_clones,TAGAGCACCAAAACTGCA,MDA_clones
CTCCACATCACTCGAA_MDA_clones,CTGCGGCAGGAGTGACGG,MDA_clones
GTGAGCCGTGAATGTA_MDA_clones,CTCCTCCGCGGCGAAACG,MDA_clones
GCACGTGAGCGTGTCC_MDA_clones,CTCCTCCGCGGCGAAACG,MDA_clones
CGATCGGCATCCTTCG_MDA_clones,CGCCGAACAGCTTCAGTG,MDA_clones
TTCTTCCGTATGTCAC_MDA_clones,TAGAGCACCAAAACTGCA,MDA_clones
AGGATAACAGAGGCAT_MDA_clones,TCCCTGGAGTCTTCGAAC,MDA_clones
GAGAAATTCGATACAC_MDA_clones,TAGAGCACCAAAACTGCA,MDA_clones
TATTCCAGTTCTCTAT_MDA_clones,TTACCCTGTGCGACCCAG,MDA_clones
TACGGGCAGGGCGAAG_MDA_clones,TAGAGCACCAAAACTGCA,MDA_clones
CATAGACCACATGGTT_MDA_clones,TAGAGCACCAAAACTGCA,MDA_clones
GTCGTTCAGCTCCACG_MDA_clones,TCCCTGGAGTCTTCGAAC,MDA_clones
GAGATGGTCCTCTCGA_MDA_clones,CTGCGGCAGGAGTGACGG,MDA_clones
CCGATCTGTTTCACAG_MDA_clones,CTCCTCCGCGGCGAAACG,MDA_clones
GTCATTTTCGTTACCC_MDA_clones,CTCCTCCGCGGCGAAACG,MDA_clones
CATCCGTGTTTACTGG_MDA_clones,TTACCCTGTGCGACCCAG,MDA_clones
TCCATGCAGCTACTAC_MDA_clones,CTCCTCCGCGGCGAAACG,MDA_clones
GTCAGCGTCTGGGAGA_MDA_clones,TCCCTGGAGTCTTCGAAC,MDA_clones
CAGCACGGTCTTTCAT_MDA_clones,TCCCTGGAGTCTTCGAAC,MDA_clones
TAAGTCGAGACGCTCC_MDA_clones,CGCCGAACAGCTTCAGTG,MDA_clones
TTGGGCGCAGGTCAGA_MDA_clones,TTACCCTGTGCGACCCAG,MDA_clones
TCATTACAGGGATCGT_MDA_clones,CTCCTCCGCGGCGAAACG,MDA_clones
GCTGAATGTATGCGGA_MDA_clones,TTACCCTGTGCGACCCAG,MDA_clones
CACTAAGCATACTTTC_MDA_clones,CTGCGGCAGGAGTGACGG,MDA_clones
ACTCCCAAGACGACTG_MDA_clones,TCCCTGGAGTCTTCGAAC,MDA_clones
ACATTTCAGCACTCGC_MDA_clones,CCCGCTGCGGCTGCTCCG,MDA_clones
TGCGATAAGCTGACTT_MDA_clones,CTCCTCCGCGGCGAAACG,MDA_clones
ACTATCTCAGAGGGTT_MDA_clones,TCCCTGGAGTCTTCGAAC,MDA_clones
AATGACCTCGTCAAAC_MDA_clones,CTCCTCCGCGGCGAAACG,MDA_clones
TGGGCGTCAAGTGACG_MDA_clones,CGCCGAACAGCTTCAGTG,MDA_clones
ATTTCACAGCTCCATA_MDA_clones,TTACCCTGTGCGACCCAG,MDA_clones
TAGACTGCACGGTAGA_MDA_clones,CCCGCTGCGGCTGCTCCG,MDA_clones
CGACAGCCAAGTTTGC_MDA_clones,TTACCCTGTGCGACCCAG,MDA_clones
TGACTCCTCGCAATTG_MDA_clones,CTCCTCCGCGGCGAAACG,MDA_clones
TTTACTGTCTACCAGA_MDA_clones,CTGCGGCAGGAGTGACGG,MDA_clones
CTGCTCATCTGCTGAA_MDA_clones,TCCCTGGAGTCTTCGAAC,MDA_clones
GAGACCCTCTCGTCAC_MDA_clones,CTCCTCCGCGGCGAAACG,MDA_clones
TCTGGCTGTAGAGCTG_MDA_clones,CTCCTCCGCGGCGAAACG,MDA_clones
ATAGACCAGGTCACTT_MDA_clones,TCCCTGGAGTCTTCGAAC,MDA_clones
AGTGCCGCAGGTTCGC_MDA_clones,CGCCGAACAGCTTCAGTG,MDA_clones
CGATCGGTCACAAGGG_MDA_clones,CTCCTCCGCGGCGAAACG,MDA_clones
AGGGTGACACTTTAGG_MDA_clones,CTCCTCCGCGGCGAAACG,MDA_clones
GATGATCTCACTCGAA_MDA_clones,CTCCTCCGCGGCGAAACG,MDA_clones
GGGATGAAGGCAGGGA_MDA_clones,CTGCGGCAGGAGTGACGG,MDA_clones
CATTGAGAGTAGGGTC_MDA_clones,CGCCGAACAGCTTCAGTG,MDA_clones
ATCCGTCGTAAGCTCT_MDA_clones,CTGCGGCAGGAGTGACGG,MDA_clones
AATGCCAGTGACTCTA_MDA_clones,TTACCCTGTGCGACCCAG,MDA_clones
GTAGAAATCCTTCTAA_MDA_clones,CGCCGAACAGCTTCAGTG,MDA_clones
TACCTCGTCTCAACGA_MDA_clones,CTCCTCCGCGGCGAAACG,MDA_clones
TCAATTCCATGTTCAG_MDA_clones,TTACCCTGTGCGACCCAG,MDA_clones
TTGGGTACAAGGATGC_MDA_clones,TCCCTGGAGTCTTCGAAC,MDA_clones
ATTCGTTAGCAGTAAT_MDA_clones,CTGCGGCAGGAGTGACGG,MDA_clones
TTTCGATAGATGCAGC_MDA_clones,TCCCTGGAGTCTTCGAAC,MDA_clones
GGCTGTGAGACTTCCA_MDA_clones,TTACCCTGTGCGACCCAG,MDA_clones
CCTACGTTCCTTCTTC_MDA_clones,CTGCGGCAGGAGTGACGG,MDA_clones
CAGAGCCTCTACCTTA_MDA_clones,CCCGCTGCGGCTGCTCCG,MDA_clones
CTCCCAAAGTATTGCC_MDA_clones,CCGCAATAAATGCGACTT,MDA_clones
ACCGTTCCACTGGCCA_MDA_clones,CTCCTCCGCGGCGAAACG,MDA_clones
GAACGTTAGATGACCG_MDA_clones,CTCCTCCGCGGCGAAACG,MDA_clones
ATGAGTCTCCCACAGG_MDA_clones,CCCGCTGCGGCTGCTCCG,MDA_clones
GGGACAAGTTCCTACC_MDA_clones,TTACCCTGTGCGACCCAG,MDA_clones
TACTTACCAGCACACC_MDA_clones,TTACCCTGTGCGACCCAG,MDA_clones
AACGGGAAGGTAGCCA_MDA_clones,TCCCTGGAGTCTTCGAAC,MDA_clones
GGGATCCCATATGAAG_MDA_clones,TTACCCTGTGCGACCCAG,MDA_clones
CTGCCTACACGAGGAT_MDA_clones,TTACCCTGTGCGACCCAG,MDA_clones
TCTTCCTCATGCCATA_MDA_clones,CTCCTCCGCGGCGAAACG,MDA_clones
TCATACTAGCTGTGCC_MDA_clones,TCCCTGGAGTCTTCGAAC,MDA_clones
TCAATTCTCAGGAAGC_MDA_clones,CTGCGGCAGGAGTGACGG,MDA_clones
AGTCACAGTTCAACGT_MDA_clones,TAGAGCACCAAAACTGCA,MDA_clones
TGTAAGCGTTTCCCAC_MDA_clones,CCCGCTGCGGCTGCTCCG,MDA_clones
TCAGTTTGTCAACGCC_MDA_clones,CGCCGAACAGCTTCAGTG,MDA_clones
GGCGTCACAAAGGGTC_MDA_clones,TTACCCTGTGCGACCCAG,MDA_clones
ACACTGACAGACACCC_MDA_clones,TTACCCTGTGCGACCCAG,MDA_clones
GTGTAACGTCGTACAT_MDA_clones,TCCCTGGAGTCTTCGAAC,MDA_clones
GCAACATCATAGGCGA_MDA_clones,CTCCTCCGCGGCGAAACG,MDA_clones
CGCCAGAAGGGCAAGG_MDA_clones,TTACCCTGTGCGACCCAG,MDA_clones
GACTCAAGTCACGACC_MDA_clones,TAGAGCACCAAAACTGCA,MDA_clones
TATGTTCTCCAAGCAT_MDA_clones,TTACCCTGTGCGACCCAG,MDA_clones
CATTGCCAGTCACTGT_MDA_clones,TAGAGCACCAAAACTGCA,MDA_clones
GGGAGTAAGTGTCATC_MDA_clones,CTCCTCCGCGGCGAAACG,MDA_clones
CCACACTTCTGAGCAT_MDA_clones,TCCCTGGAGTCTTCGAAC,MDA_clones
AGACAGGCAAGTTGGG_MDA_clones,CTCCTCCGCGGCGAAACG,MDA_clones
TAGACTGTCTTCCCGA_MDA_clones,TTACCCTGTGCGACCCAG,MDA_clones
ATGAGGGGTTGTGCCG_MDA_clones,TCCCTGGAGTCTTCGAAC,MDA_clones
GTGAGCCGTTCGGCTG_MDA_clones,CTGCGGCAGGAGTGACGG,MDA_clones
TGTAACGGTACCGGAA_MDA_clones,CTGCGGCAGGAGTGACGG,MDA_clones
CGCCATTAGAGAGCCT_MDA_clones,CTCCTCCGCGGCGAAACG,MDA_clones
GGTGATTCAAGAAACT_MDA_clones,CTCCTCCGCGGCGAAACG,MDA_clones
GGGACTCAGTGCAGGT_MDA_clones,CTCCTCCGCGGCGAAACG,MDA_clones
GTAACCACATACGCAT_MDA_clones,CTCCTCCGCGGCGAAACG,MDA_clones
CGTAGTACAGCGACCT_MDA_clones,TTACCCTGTGCGACCCAG,MDA_clones
AAGCATCTCTTTCCAA_MDA_clones,CTCCTCCGCGGCGAAACG,MDA_clones
CCTTGTGCATACGCAT_MDA_clones,CCGCAATAAATGCGACTT,MDA_clones
GAACGTTTCGCCAATA_MDA_clones,CGCCGAACAGCTTCAGTG,MDA_clones
GACCCTTAGGGAACAA_MDA_clones,CTCCTCCGCGGCGAAACG,MDA_clones
AGTTCGATCAGTCTTT_MDA_clones,CTCCTCCGCGGCGAAACG,MDA_clones
GATTTCTCAGGACTAG_MDA_clones,TCCCTGGAGTCTTCGAAC,MDA_clones
CCTAACCTCGACGCGT_MDA_clones,TTACCCTGTGCGACCCAG,MDA_clones
GTTGTGAAGCAACAAT_MDA_clones,CTGCGGCAGGAGTGACGG,MDA_clones
CGGTCAGCAACATCGT_MDA_clones,CCCGCTGCGGCTGCTCCG,MDA_clones
GACCGTGTCGCATGAT_MDA_clones,CCCGCTGCGGCTGCTCCG,MDA_clones
TTGAACGTCCGTCCTA_MDA_clones,TCCCTGGAGTCTTCGAAC,MDA_clones
CTAGGTACACGACAAG_MDA_clones,TTACCCTGTGCGACCCAG,MDA_clones
ACCACAACAGCACACC_MDA_clones,CTCCTCCGCGGCGAAACG,MDA_clones
AAATGGAAGGACACTG_MDA_clones,CTCCTCCGCGGCGAAACG,MDA_clones
GTCGTTCAGTCAACAA_MDA_clones,TTACCCTGTGCGACCCAG,MDA_clones
AGAAGCGTCGGCAGTC_MDA_clones,TTACCCTGTGCGACCCAG,MDA_clones
ACCAAACCACCGAATT_MDA_clones,CTCCTCCGCGGCGAAACG,MDA_clones
TGATTCTAGATCACCT_MDA_clones,CGCCGAACAGCTTCAGTG,MDA_clones
TACTTCACAGACATCT_MDA_clones,CCCGCTGCGGCTGCTCCG,MDA_clones
AATCGACGTACTCGTA_MDA_clones,CCCGCTGCGGCTGCTCCG,MDA_clones
GTCGCGAGTTAGTTCG_MDA_clones,TAGAGCACCAAAACTGCA,MDA_clones
TGGGAGAGTCAGGCAA_MDA_clones,TTACCCTGTGCGACCCAG,MDA_clones
TTTACTGAGTTTCAGC_MDA_clones,TTACCCTGTGCGACCCAG,MDA_clones
CTTCCGATCGTGTGAT_MDA_clones,CTCCTCCGCGGCGAAACG,MDA_clones
GTAAGTCAGCGTACAG_MDA_clones,TAGAGCACCAAAACTGCA,MDA_clones
TCAAGCATCTGCACCT_MDA_clones,CTCCTCCGCGGCGAAACG,MDA_clones
GCCCGAAAGCCGGATA_MDA_clones,TTACCCTGTGCGACCCAG,MDA_clones
ATAGAGACAGCAGTCC_MDA_clones,TAGAGCACCAAAACTGCA,MDA_clones
ATCACTTTCGTCCTCA_MDA_clones,CTGCGGCAGGAGTGACGG,MDA_clones
GGAGCAAAGACTGTTC_MDA_clones,TAGAGCACCAAAACTGCA,MDA_clones
GTAATGCTCACTACGA_MDA_clones,TCCCTGGAGTCTTCGAAC,MDA_clones
GTTTGGAAGTAACAGT_MDA_clones,TAGAGCACCAAAACTGCA,MDA_clones
GCGAGAAGTCCGGATC_MDA_clones,CCGCAATAAATGCGACTT,MDA_clones
CGCCAGATCCAACTGA_MDA_clones,CTGCGGCAGGAGTGACGG,MDA_clones
GACCCAGTCCCTTCCC_MDA_clones,TCCCTGGAGTCTTCGAAC,MDA_clones
AAAGGTACAACACTAC_MDA_clones,CGCCGAACAGCTTCAGTG,MDA_clones
CACAACATCGGTAGGA_MDA_clones,TTACCCTGTGCGACCCAG,MDA_clones
CAGTTAGCATCGGCCA_MDA_clones,TTACCCTGTGCGACCCAG,MDA_clones
GAGCCTGAGCTCGAAG_MDA_clones,TTACCCTGTGCGACCCAG,MDA_clones
ATTTCACGTCAAAGTA_MDA_clones,CGCCGAACAGCTTCAGTG,MDA_clones
CATGAGTTCGACCACG_MDA_clones,TCCCTGGAGTCTTCGAAC,MDA_clones
ATTCCATTCATTGAGC_MDA_clones,CCCGCTGCGGCTGCTCCG,MDA_clones
AGAACCTAGGCACGAT_MDA_clones,CCCGCTGCGGCTGCTCCG,MDA_clones
ACCACAACAGATTCGT_MDA_clones,TTACCCTGTGCGACCCAG,MDA_clones
GGTCACGTCCCTGTTG_MDA_clones,CGCCGAACAGCTTCAGTG,MDA_clones
TATACCTAGGACTTCT_MDA_clones,TTACCCTGTGCGACCCAG,MDA_clones
ATTTCACCATCCGTGG_MDA_clones,CCCGCTGCGGCTGCTCCG,MDA_clones
GAGGGTAGTGTCCACG_MDA_clones,TTACCCTGTGCGACCCAG,MDA_clones
CCTCTCCCATCCTCAC_MDA_clones,TTACCCTGTGCGACCCAG,MDA_clones
ACAACCAGTTCTCGTC_MDA_clones,TTACCCTGTGCGACCCAG,MDA_clones
AGACCCGGTGAGTGAC_MDA_clones,CTGCGGCAGGAGTGACGG,MDA_clones
TGCTTGCGTTCTCGTC_MDA_clones,CTGCGGCAGGAGTGACGG,MDA_clones
TTCAGGAAGTCACTCA_MDA_clones,CTCCTCCGCGGCGAAACG,MDA_clones
TTGATGGGTTCCAAAC_MDA_clones,CTGCGGCAGGAGTGACGG,MDA_clones
GGGTGAACATTGGATC_MDA_clones,CGCCGAACAGCTTCAGTG,MDA_clones
ACTATCTGTAGTCTGT_MDA_clones,TCCCTGGAGTCTTCGAAC,MDA_clones
CTCAGTCAGGTGCAGT_MDA_clones,TTACCCTGTGCGACCCAG,MDA_clones
CATACAGAGACAGTCG_MDA_clones,CCGCAATAAATGCGACTT,MDA_clones
TAGACCATCAGCTAGT_MDA_clones,TTACCCTGTGCGACCCAG,MDA_clones
GTAGAGGGTGATATAG_MDA_clones,CTCCTCCGCGGCGAAACG,MDA_clones
ATTATCCTCTCCAATT_MDA_clones,CTGCGGCAGGAGTGACGG,MDA_clones
ATGGAGGTCCCTCGAT_MDA_clones,TTACCCTGTGCGACCCAG,MDA_clones
AGCCAGCTCGCCTAGG_MDA_clones,CTCCTCCGCGGCGAAACG,MDA_clones
CGATCGGGTACAAGCG_MDA_clones,CTCCTCCGCGGCGAAACG,MDA_clones
CTCCCTCTCGACACTA_MDA_clones,CGCCGAACAGCTTCAGTG,MDA_clones
TAGCACACAGTTGTCA_MDA_clones,TTACCCTGTGCGACCCAG,MDA_clones
CAACCAATCCAACCAA_MDA_clones,TAGAGCACCAAAACTGCA,MDA_clones
CATTTCAAGCCAGTAG_MDA_clones,CTGCGGCAGGAGTGACGG,MDA_clones
GGGAGATAGGTTACCT_MDA_clones,CTGCGGCAGGAGTGACGG,MDA_clones
ATCCGTCGTACAGGTG_MDA_clones,CGCCGAACAGCTTCAGTG,MDA_clones
CCTACGTTCGAGTCCG_MDA_clones,CGCCGAACAGCTTCAGTG,MDA_clones
CATGCTCGTTCCACGG_MDA_clones,CTGCGGCAGGAGTGACGG,MDA_clones
GTTCTATCACTGATTG_MDA_clones,CCCGCTGCGGCTGCTCCG,MDA_clones
CAGCAATTCTAGGCAT_MDA_clones,TTACCCTGTGCGACCCAG,MDA_clones
GATAGAACATGGGTTT_MDA_clones,CTCCTCCGCGGCGAAACG,MDA_clones
TTTAGTCTCTAGTGAC_MDA_clones,TTACCCTGTGCGACCCAG,MDA_clones
TCCGGGAAGTGGATAT_MDA_clones,CCGCAATAAATGCGACTT,MDA_clones
TTGACCCTCTGGCTGG_MDA_clones,TTACCCTGTGCGACCCAG,MDA_clones
TGCACGGGTGATGAAT_MDA_clones,TCCCTGGAGTCTTCGAAC,MDA_clones
TTTACTGCAGATCCTA_MDA_clones,CCGCAATAAATGCGACTT,MDA_clones
ACACTGAGTAGCTTTG_MDA_clones,TTACCCTGTGCGACCCAG,MDA_clones
TCCTGCATCGTTCGCT_MDA_clones,TTACCCTGTGCGACCCAG,MDA_clones
GCGAGAAGTTATGTCG_MDA_clones,TAGAGCACCAAAACTGCA,MDA_clones
TATTGCTCACATACTG_MDA_clones,CTGCGGCAGGAGTGACGG,MDA_clones
ACTATGGCACATGAAA_MDA_clones,TTACCCTGTGCGACCCAG,MDA_clones
AACAGGGTCTCCGAGG_MDA_clones,TCCCTGGAGTCTTCGAAC,MDA_clones
GAACTGTAGTGATCGG_MDA_clones,TCCCTGGAGTCTTCGAAC,MDA_clones
CTGGTCTGTTGAAGTA_MDA_clones,TTACCCTGTGCGACCCAG,MDA_clones
TGCTCGTTCTGGAGAG_MDA_clones,TCCCTGGAGTCTTCGAAC,MDA_clones
GGTCTGGCAGTTTCAG_MDA_clones,CTCCTCCGCGGCGAAACG,MDA_clones
AGTTCCCGTAGAGTTA_MDA_clones,CTCCTCCGCGGCGAAACG,MDA_clones
CCGATCTGTGTAGTGG_MDA_clones,CTCCTCCGCGGCGAAACG,MDA_clones
ATACCGAAGGGTCAAC_MDA_clones,CGCCGAACAGCTTCAGTG,MDA_clones
TCACACCGTACCACGC_MDA_clones,TTACCCTGTGCGACCCAG,MDA_clones
TGGTACAGTGCCGTAC_MDA_clones,CTGCGGCAGGAGTGACGG,MDA_clones
CTCCATGCATGCCGGT_MDA_clones,CCGCAATAAATGCGACTT,MDA_clones
AAGCCATTCTAGGCCG_MDA_clones,CTCCTCCGCGGCGAAACG,MDA_clones
CCGGGTAAGCGCCTCA_MDA_clones,CTGCGGCAGGAGTGACGG,MDA_clones
CGTGTCTGTCGAGTGA_MDA_clones,TTACCCTGTGCGACCCAG,MDA_clones
CTCCTTTAGGGATGTC_MDA_clones,TAGAGCACCAAAACTGCA,MDA_clones
ATGTCCCTCATCTATC_MDA_clones,TTACCCTGTGCGACCCAG,MDA_clones
